prompt,response
What's the best way to get from Casablanca Airport to the Hassan II Mosque?,"You have a couple of options: 1) You can take the Airport Shuttle (20 dhs) to Casa Voyageurs Train Station and then walk to the mosque (approx. 20 minutes). 2) You can take a taxi directly from the airport to the mosque (approx. 30 minutes, cost around 100 dhs)."
How can I get from Ain Diab Beach to the Morocco Mall?,"You can either take a taxi directly to the Morocco Mall (around 15 minutes, cost approximately 30 dhs) or walk to the Ain Diab Tramway Station, take the tram to Casa Voyageurs Station, and then transfer to the L1 bus that stops at the mall (total time around 40 minutes, cost approximately 12 dhs)."
What's the most efficient way to travel from Casablanca to Marrakech?,"Your best bet is to take the ONCF train from Casa Voyageurs Train Station to Marrakech (around 3 hours, cost varies depending on class). Alternatively, you can take a Supratours bus from the CTM Bus Station to Marrakech (around 4 hours, cost approximately 100 dhs)."
How do I get from Ain Diab to the Anfa Place Shopping Center?,"You can either walk to the Ain Diab Tramway Station, take the tram to Derb Ghallef Station, and then transfer to the L17 bus that stops near Anfa Place (total time around 30 minutes, cost approximately 10 dhs), or you can take a taxi directly (around 15 minutes, cost approximately 25 dhs)."
What's the quickest way to travel from Casablanca to Rabat?,"The fastest option is to take the ONCF high-speed train from Casa Voyageurs to Rabat Agdal Station (around 1 hour, cost varies depending on class). Alternatively, you can take a Grand Taxi directly to Rabat (around 1.5 hours, cost approximately 150 dhs)."
How can I get from Casablanca to the Hassan II Mosque without spending much?,"Your most budget-friendly option is to take a Grand Taxi directly to the mosque (around 20 minutes, cost approximately 30 dhs). Alternatively, you can take a combination of the Tramway and bus, which would be cheaper but take longer."
What's the best way to go from Mohammed V International Airport to downtown Casablanca?,"You can take the Airport Shuttle to Casa Voyageurs Train Station (around 30 minutes, cost 20 dhs) and then take a taxi to your destination in downtown Casablanca (cost varies depending on location). Alternatively, you can take a taxi directly from the airport (around 30 minutes, cost approximately 200 dhs)."
How do I get from Casablanca to the Corniche?,"You can take a taxi directly to the Corniche (around 15 minutes, cost approximately 30 dhs) or walk to the Ain Diab Tramway Station, take the tram to Derb Ghallef Station, and then transfer to the L8 bus that stops near the Corniche (total time around 30 minutes, cost approximately 10 dhs)."
What's the most convenient way to travel from Casablanca to El Jadida?,"Your best option is to take a Supratours bus from the CTM Bus Station to El Jadida (around 2 hours, cost approximately 60 dhs). Alternatively, you can drive or hire a private car, but this would be more expensive and less convenient."
How can I go from Casablanca to the Old Medina?,"You can take a taxi directly to the Old Medina (around 10 minutes, cost approximately 20 dhs) or walk to the Ain Diab Tramway Station, take the tram to Mohammed Diouri Station, and then walk to the Old Medina (total time around 30 minutes, cost approximately 10 dhs)."
